number of cycles = 100000; data structure = Apache Data Sketches Java HLL6 (p = 11)
true distinct count; minimum memory size; average memory size; maximum memory size; minimum serialization size; average serialization size; maximum serialization size; relative distinct count estimation bias; relative distinct count estimation rmse; estimated memory MVP; estimated serialization MVP
1; 248; 248.0; 248; 12; 12.0; 12; 0.0; 0.0; 0.0; 0.0
10; 344; 344.0; 344; 52; 52.0; 52; 2.235174250131422E-8; 2.235174250131421E-8; 1.3749002811095943E-12; 2.0783376342354333E-13
100; 1240; 1240.0; 1240; 408; 411.9998; 412; -2.541310161112591E-7; 7.070940177739426E-5; 4.959820943719232E-5; 1.6479397071355924E-5
1000; 1792; 1792.0; 1792; 1577; 1577.0; 1577; -7.539070502149627E-5; 0.01701334471676894; 4.149611088202275; 3.6517503828655067
10000; 1792; 1792.0; 1792; 1577; 1577.0; 1577; 4.66088356757346E-5; 0.020627292012577975; 6.0997554798697315; 5.367920977541611
100000; 1792; 1792.0; 1792; 1577; 1577.0; 1577; 7.608450601979945E-5; 0.022755026226781095; 7.423054909584322; 6.532454013624149
1000000; 1792; 1792.0; 1792; 1577; 1577.0; 1577; -2.0119311037754013E-5; 0.02296991789260418; 7.563919146907329; 6.656417686759407
