number of cycles = 100000; data structure = Apache Data Sketches Java HLL8 (p = 11)
true distinct count; minimum memory size; average memory size; maximum memory size; minimum serialization size; average serialization size; maximum serialization size; relative distinct count estimation bias; relative distinct count estimation rmse; estimated memory MVP; estimated serialization MVP
1; 248; 248.0; 248; 12; 12.0; 12; 0.0; 0.0; 0.0; 0.0
10; 344; 344.0; 344; 52; 52.0; 52; 2.235174250131422E-8; 2.235174250131421E-8; 1.3749002811095943E-12; 2.0783376342354333E-13
100; 1240; 1240.0; 1240; 408; 411.9998; 412; -2.541310161112591E-7; 7.070940177739426E-5; 4.959820943719232E-5; 1.6479397071355924E-5
1000; 2296; 2296.0; 2296; 2088; 2088.0; 2088; -7.539070502149627E-5; 0.01701334471676894; 5.316689206759165; 4.835037919735686
10000; 2296; 2296.0; 2296; 2088; 2088.0; 2088; 4.66088356757346E-5; 0.020627292012577975; 7.815311708583094; 7.107304376098214
100000; 2296; 2296.0; 2296; 2088; 2088.0; 2088; 7.608450601979945E-5; 0.022755026226781095; 9.510789102904912; 8.649184515185304
1000000; 2296; 2296.0; 2296; 2088; 2088.0; 2088; -2.0119311037754013E-5; 0.02296991789260418; 9.691271406975014; 8.813316505994699
