number of cycles = 100000; data structure = Apache Data Sketches Java HLL4 (p = 11)
true distinct count; minimum memory size; average memory size; maximum memory size; minimum serialization size; average serialization size; maximum serialization size; relative distinct count estimation bias; relative distinct count estimation rmse; estimated memory MVP; estimated serialization MVP
1; 248; 248.0; 248; 12; 12.0; 12; 0.0; 0.0; 0.0; 0.0
10; 344; 344.0; 344; 52; 52.0; 52; 2.235174250131422E-8; 2.235174250131421E-8; 1.3749002811095943E-12; 2.0783376342354333E-13
100; 1240; 1240.0; 1240; 408; 411.9998; 412; -2.541310161112591E-7; 7.070940177739426E-5; 4.959820943719232E-5; 1.6479397071355924E-5
1000; 1272; 1278.59232; 1384; 1064; 1064.24088; 1076; -7.539070502149627E-5; 0.01701334471676894; 2.960748252434303; 2.4643893728605732
10000; 1272; 1323.26464; 1384; 1064; 1066.43824; 1088; 4.66088356757346E-5; 0.020627292012577975; 4.504235903547906; 3.630029295972451
100000; 1272; 1331.68368; 1384; 1064; 1067.05296; 1092; 7.608450601979945E-5; 0.022755026226781095; 5.516272923458325; 4.420085219595135
1000000; 1272; 1331.04528; 1384; 1064; 1067.1046; 1100; -2.0119311037754013E-5; 0.02296991789260418; 5.618258302897671; 4.504181314560762
