number of cycles = 100000; data structure = ExaLogLog (t = 2, d = 24, p = 8)
true distinct count; minimum memory size; average memory size; maximum memory size; minimum serialization size; average serialization size; maximum serialization size; relative distinct count estimation bias; relative distinct count estimation rmse; estimated memory MVP; estimated serialization MVP
1; 1064; 1064.0; 1064; 1024; 1024.0; 1024; -1.658576279819125E-4; 3.121681465598449E-4; 8.294854770968942E-4; 7.983018125443795E-4
10; 1064; 1064.0; 1064; 1024; 1024.0; 1024; -1.652903517755784E-4; 0.013099379993752599; 1.460606052950819; 1.4056960509601866
100; 1064; 1064.0; 1064; 1024; 1024.0; 1024; -1.2601799084398907E-4; 0.013771603949758206; 1.6143610253706526; 1.553670761258974
1000; 1064; 1064.0; 1064; 1024; 1024.0; 1024; -1.6115412708055557E-4; 0.01451868406671269; 1.7942630959909918; 1.7268095961417065
10000; 1064; 1064.0; 1064; 1024; 1024.0; 1024; 3.996846059942333E-5; 0.019126236128387947; 3.113799476631512; 2.9967393459310787
100000; 1064; 1064.0; 1064; 1024; 1024.0; 1024; 3.8156967471752964E-5; 0.021400873742055113; 3.898473842611845; 3.751914675596362
1000000; 1064; 1064.0; 1064; 1024; 1024.0; 1024; -7.27010439984469E-5; 0.02151543582676502; 3.9403237876787602; 3.7921913144577544
