number of cycles = 100000; data structure = ExaLogLog (t = 2, d = 20, p = 8)
true distinct count; minimum memory size; average memory size; maximum memory size; minimum serialization size; average serialization size; maximum serialization size; relative distinct count estimation bias; relative distinct count estimation rmse; estimated memory MVP; estimated serialization MVP
1; 936; 936.0; 936; 896; 896.0; 896; -1.9421199648210526E-4; 4.0918021840832694E-4; 0.001253704242111506; 0.0012001271377477664
10; 936; 936.0; 936; 896; 896.0; 896; -2.061744041651562E-4; 0.014143641789423525; 1.4979190117696457; 1.433905378788037
100; 936; 936.0; 936; 896; 896.0; 896; -1.3617906996495603E-4; 0.014743152207967791; 1.6275957012604643; 1.5580403294117264
1000; 936; 936.0; 936; 896; 896.0; 896; -1.6984002946727783E-4; 0.015599429684944446; 1.8221464422384985; 1.7442769361599304
10000; 936; 936.0; 936; 896; 896.0; 896; 7.494435914418815E-5; 0.020441820163378113; 3.1289956708000872; 2.9952779070906814
100000; 936; 936.0; 936; 896; 896.0; 896; 3.850198029559538E-5; 0.022590334515322264; 3.821300222794034; 3.6579967944695024
1000000; 936; 936.0; 936; 896; 896.0; 896; -6.528355327851398E-5; 0.0226837658770779; 3.852974618933235; 3.6883175839360884
