number of cycles = 100000; data structure = Hash4j UltraLogLog (p = 10)
true distinct count; minimum memory size; average memory size; maximum memory size; minimum serialization size; average serialization size; maximum serialization size; relative distinct count estimation bias; relative distinct count estimation rmse; estimated memory MVP; estimated serialization MVP
1; 1056; 1056.0; 1056; 1024; 1024.0; 1024; -2.2647097500130397E-4; 2.9149721658082526E-4; 7.178318592138655E-4; 6.960793786316272E-4
10; 1056; 1056.0; 1056; 1024; 1024.0; 1024; -1.6839917211520513E-4; 0.014637771648447923; 1.8101053034136303; 1.755253627552611
100; 1056; 1056.0; 1056; 1024; 1024.0; 1024; -1.1880353327588307E-4; 0.015625126424229988; 2.0625333761317424; 2.0000323647338107
1000; 1056; 1056.0; 1056; 1024; 1024.0; 1024; -2.7477498044829046E-4; 0.01649267429452406; 2.2979261638946316; 2.2282920377160065
10000; 1056; 1056.0; 1056; 1024; 1024.0; 1024; -1.0845703618157652E-4; 0.02155035811688956; 3.9234027145943533; 3.8045117232430092
100000; 1056; 1056.0; 1056; 1024; 1024.0; 1024; 7.630340306330148E-5; 0.023692157312627363; 4.742017151530832; 4.598319662090504
1000000; 1056; 1056.0; 1056; 1024; 1024.0; 1024; 3.6573752188124094E-5; 0.02380396603736536; 4.786880094864752; 4.6418231222930935
