number of cycles = 100000; data structure = Hash4j HyperLogLog (p = 11)
true distinct count; minimum memory size; average memory size; maximum memory size; minimum serialization size; average serialization size; maximum serialization size; relative distinct count estimation bias; relative distinct count estimation rmse; estimated memory MVP; estimated serialization MVP
1; 1576; 1576.0; 1576; 1536; 1536.0; 1536; -2.491692667730089E-4; 2.81266181975288E-4; 9.97427265870227E-4; 9.721118530308812E-4
10; 1576; 1576.0; 1576; 1536; 1536.0; 1536; -1.926860656384685E-4; 0.014639321958045317; 2.7020172951096093; 2.633438175944391
100; 1576; 1576.0; 1576; 1536; 1536.0; 1536; -1.7232876342663673E-4; 0.015567971253740305; 3.055696678693443; 2.9781409254271116
1000; 1576; 1576.0; 1576; 1536; 1536.0; 1536; -3.0763437706705584E-4; 0.016352441652334015; 3.3714088034955974; 3.285840052137841
10000; 1576; 1576.0; 1576; 1536; 1536.0; 1536; -1.8987066109054415E-5; 0.020589900487217358; 5.345085978142859; 5.209423897479335
100000; 1576; 1576.0; 1576; 1536; 1536.0; 1536; 1.0465338300340628E-4; 0.02277211535317042; 6.538120948393325; 6.372178792342733
1000000; 1576; 1576.0; 1576; 1536; 1536.0; 1536; -8.187466003011025E-6; 0.02293484495293812; 6.631897680897046; 6.463575404732146
